<?xml version="1.0" encoding="UTF-8"?>
<project-private xmlns="http://www.netbeans.org/ns/project-private/1">
    <editor-bookmarks xmlns="http://www.netbeans.org/ns/editor-bookmarks/2" lastBookmarkId="0"/>
    <open-files xmlns="http://www.netbeans.org/ns/projectui-open-files/2">
        <group>
            <file>file:/C:/Users/g.parra/projetSf4/tpsecurite/src/Controller/LogoutController.php</file>
            <file>file:/C:/Users/g.parra/projetSf4/tpsecurite/src/Controller/HomeController.php</file>
            <file>file:/C:/Users/g.parra/projetSf4/tpsecurite/templates/home/index.html.twig</file>
            <file>file:/C:/Users/g.parra/projetSf4/tpsecurite/config/packages/security.yaml</file>
            <file>file:/C:/Users/g.parra/projetSf4/tpsecurite/templates/login/login.html.twig</file>
            <file>file:/C:/Users/g.parra/projetSf4/tpsecurite/config/routes.yaml</file>
        </group>
    </open-files>
</project-private>
